"","ACRES","AREA","BATHS","PRICE","YEAR"
"3813 Northbrook Dr",0.28,1562,2,195000,1971
"209 Silo Ct",0.36,1650,1,106000,1976
"5019 Olivia Dr",0.28,1794,2,290000,1938
"3202 Doak Ave",0.2,1242,1.5,52000,1975
"400 Asheford Ct",0.2,938,1,129900,1930
"101 Heathcote Ct",0.18,975,1,80000,1963
"1715 Welcome Ln",0.26,915,1,135000,1920
"3604 Stonewood Ct",0.36,1770,2.5,324900,2016
"912 Strouse Ave",0.14,875,1,145000,1955
"1108 Clarke St",0.11,1422,2,166000,1948
"2848 Lera Jones Dr",0.32,1648,1,148000,1953
"1442 Mohawk Trl",0.18,1840,1.5,159000,1962
"553 Westboro Dr",0.55,1680,2,267000,1946
"2129 Riverside Dr",0.31,935,1,69900,1956
"324 Randy Rd",1.14,1050,2,128900,1993
"5141 Hilson Rd",0.87,1280,2,190000,1950
"3408 Lallemand Dr",0.9,850,1,65500,1964
"3322 Park Ave",0.17,1970,2,253000,1951
"1307 Grandview Dr",0.19,1890,2,200000,1963
"1313 Norvel Ave",0.19,1257,2,131900,1979
"1000 Drummond Dr",1.37,992,1,300000,1976
"2325 Rader Ridge Rd",0.29,937,1,75000,1934
"6520 Cougar Dr",0.27,1825,1,105100,1952
"1209 A Dallas Ave",0.09,1475,1.5,118000,1963
"7670 Charlotte Pike",1.21,1711,1.5,192000,1974
"224 Treutland Ave",0.18,1128,1,169900,1949
"616 Royal Oaks Pl",0.87,1294,1,120000,1956
"1540 Mohawk Trl",0.18,1325,1.5,147000,1969
"212 Bonnabrook Dr",0.32,816,1,104000,1952
"1213 Thompson Pl",0.32,1066,1,85900,1930
"2225 Aubrey Ct",0.59,1248,1,80000,1962
"1214 Stratford Ave",0.48,866,1,52000,1928
"3514 Hewlett Dr",0.27,1873,2.5,390000,1940
"3107 Richmond Hill Dr",0.25,1025,1.5,133000,1967
"636 Kinsey Blvd",0.23,1647,2,120000,1962
"4306 Lealand Ln",0.46,1205,2,163500,1987
"105 Blackstone Pl",0.33,820,1,585000,1936
"508 Cornet Dr",0.78,1102,2,252500,1953
"3641 Wood Bridge Dr",0.33,1894,1,205000,1962
"4506 Illinois Ave",0.09,1845,2.5,330000,1930
"2702 Meharry Blvd",0.2,1152,2,235000,1945
"3680 Richbriar Ct",0.48,1629,2,169900,1956
"1256 Mcalpine Ave",0.36,810,1,138000,1983
"309 Rachels Ct E",0.22,1632,2,134000,1989
"1205 2nd Ave S",0.11,1676,2,268000,2013
"415 Brook Hollow Rd",1.17,1426,2,220000,1960
"720 Summerly Dr",1.23,1125,1,240000,1968
"5514 Bon Air Cir",0.41,630,1,100000,1950
"5709 St Charles Ct",0.04,1505,2,327000,2009
"1402 Bell Trace Dr",0.12,950,1,109000,1962
"538 Debbie Dr",0.16,1000,1,129000,1956
"2215 Weona Dr",0.23,1038,1,22000,1961
"837 Netherlands Dr",0.22,1260,1.5,11500,2015
"949 Maxwell Ave",0.17,1000,1,123000,1965
"739 Fitzpatrick Rd",0.14,975,1,145000,1930
"318 Paragon Mills Rd",0.21,1233,1,144900,1936
"1925 Castleman Dr",0.4,750,1,215000,1950
"2428 Adlai St",0.11,1336,2,192500,1946
"2711 Hemingway Dr",0.95,1132,2.5,210500,2004
"3043 Hillside Rd",1.61,1632,1,210000,1950
"284 Mcgavock Pike",0.76,1175,1.5,130000,1968
"902 Sunvalley Dr",0.49,950,1,88000,1963
"1201 Roberta St",0.25,1632,1.5,139050,1971
"1044 44th Ave N",0.17,1293,1.5,46000,1957
"219 Orlando Ave",0.21,1224,2,180000,1979
"1304 Pennock Ave",0.3,1329,1.5,80000,1955
"522 Ben Allen Rd",0.39,1525,2,134900,1967
"2926 Donna Hill Dr",0.67,1575,2,263000,1964
"106 Mildred Ct",0.53,1895,2,391000,1948
"205 Nix Dr",0.49,994,1,75000,1951
"197 Manchester Ave",0.12,1418,1.5,108000,1973
"1521 Long Ave",0.23,1989,3,75000,1958
"2965 Baby Ruth Ln",0.2,1666,3,304000,1984
"4609 Villa Green Dr",1.01,675,1,133500,1935
"2312 Cabin Hill Rd",0.36,1025,1,124000,1969
"5104 Whitaker Dr",0.39,895,1,73000,1930
"2119 Westwood Ave",0.21,984,1,23000,1935
"414 Foothill Dr",1.02,1276,1,213022,1958
"508 S 9th St",0.13,1975,3,585000,1940
"6128 Montcrest Dr",0.97,1310,1,325750,1945
"231 Leonard Ave",0.27,1534,2,140000,1959
"935 Shauna Dr",0.39,1996,2,145000,1945
"421 Newton Ct",0.18,1896,1.5,157900,1968
"1210 Dodson St",0.09,1400,2.5,189900,1967
"84 Tusculum Rd",0.25,892,1,109900,1950
"6574 Cabot Dr",0.94,1120,1,165000,1930
"4940 Briarwood Dr",0.44,888,1,100000,1978
"1207 Shelby Ave",0.2,1308,2,160000,1992
"1107 Sunnymeade Dr",0.19,850,1,92000,1963
"244 Willow Ln",0.26,1680,3,229900,2012
"322 Pineway Dr",0.91,876,1,805000,1928
"1722 Welcome Ln",0.46,1000,1,139998,1968
"4114 Eden Ave",0.26,1617,1.5,125000,1960
"102 Dellrose Dr",0.6,1100,1.5,124000,1967
"3285 Luann Dr",0.33,1415,1,72000,1960
"1128 Ardee Ave",0.19,1193,1,195000,1947
"179 Briggs Ave",0.89,1680,1.5,273000,1935
"814 Brentview Dr",0.91,1900,1.5,140000,1966
"5815 Mackie Pl",0.15,1250,2,162000,1976
"811 Horner Ave",0.22,1634,2,210000,1944
"1306 Stratton Ave",0.19,1276,1.5,222500,1958
"6024 Robertson Ave",0.2,1800,2,265500,1933
"222 Graylynn Dr",0.34,1188,1,60000,1968
"2419 Scovel St",0.17,1537,2,62500,1985
"4307 Glynda Dr",0.38,1478,1,117800,1957
"4304 Lillywood Rd",1.03,1069,1,62000,1930
"5955 Post Rd",0.88,1564,2.5,112500,1988
"401 Lorna Dr",0.4,888,1,105500,1978
"302 S 15th St",0.14,660,1,110000,1950
"6528 Upton Ln",0.98,1850,2,122500,1975
"340 Willow Bough Ln",1.03,1767,2,172900,1984
"710 Brook Hollow Rd",0.95,1056,1,294900,1988
"2402 Andrew Pl",0.42,1253,1,133000,1940
"73 Valeria St",0.27,1548,1,335000,1955
"604 Hogan Rd",0.57,1375,2,160000,1996
"120 Valley Green Dr",0.23,1230,1,150000,1953
"1209 2nd Ave S",0.14,1000,1.5,123000,1966
"341 Neelys Bend Rd",0.2,1795,1.5,154900,1959
"4923 Roselawn Cir",1.07,1320,2,124942,2003
"717 Huntington Pkwy",0.27,1447,1.5,129900,1956
"101 Larkin Springs Rd",0.46,1447,2,279900,1951
"5000 Kentucky Ave",0.28,1616,2,374900,1960
"2712 Wellman Dr",0.27,1325,1.5,217000,1962
"961 Graybar Ln",0.3,1750,2,155000,1948
"2161 Quail Ridge Dr",0.48,1523,1.5,275000,1954
"129 Fern Ave",0.36,744,1,150000,1950
"1837 Primrose Ave",0.24,1208,1,240000,1950
"593 Hill Creek Dr",0.36,1218,2,148000,1997
"921 Goodbar Dr",0.29,1650,2,130000,1983
"6732 Currywood Dr",0.92,1100,1.5,107125,1977
"2718 Acklen Ave",0.2,1104,1,75000,1940
"436 Bellingrath Dr",0.61,1242,2,136600,1998
"5704 Stoneway Trl",0.95,1309,1.5,303000,1960
"6621 Highway 100",0.97,1183,1,167000,1956
"1416 Gartland Ave",0.17,1149,2,319000,1939
"4320 General Bate Dr",0.34,1350,1,131000,1965
"312 Ash Grove Dr",0.3,1485,2,161446,1954
"320 Jacksonian Dr",0.35,1508,2,102000,1979
"2222 Craigmeade Cir",1.45,1950,1.5,324900,1957
"516 Hamilton Ave",0.2,1972,2,147000,1969
"894 Curtiswood Ln",3,1534,1.5,265000,1966
"2522 Stinson Rd",0.29,1448,1,237000,1960
"112 Bart Dr",0.36,1950,1.5,133000,1964
"902 S 13th St",0.15,1063,1,86000,1929
"313 A Foxglove Dr",0.49,1588,2.5,330000,1930
"4413 Gra Mar Dr",1.14,1952,2.5,410000,1985
"2823 Blue Brick Dr",0.33,1530,1.5,285000,1950
"2923 22nd Ave S",0.38,1000,1,259900,1955
"1206 Woodland St",0.2,1325,1.5,105000,1970
"2411 Albion St",0.15,1222,1,129000,1920
"151 Anton Dr",0.44,1742,2,144450,1990
"516 Kinsey Blvd",0.17,1472,1,129000,1964
"7448 Bridle Dr",0.29,1351,2,30000,2013
"911 A Russell St",0.23,768,1,105000,1920
"324 Marshall St",0.18,1083,1,265000,1954
"5262 Granny White Trce",1.12,1756,1.5,150000,1950
"8213 Spring Ridge Dr",0.56,1134,2,109000,1987
"923 Neelys Bend Rd",0.68,1522,1,207000,1950
"3701 Rosemont Ave",0.2,1150,2,110000,1983
"504 Utley Dr",0.97,1290,1,235000,1959
"1412 Huffine St",0.23,1750,2,83000,1968
"4924 Barclay Square Dr",0.19,1064,1,195000,1948
"4716 Danby Dr",0.49,1364,1.5,140000,1962
"816 Ilawood Ct",0.24,1686,2,415000,1963
"311 Hadleys Bend Blvd",0.25,884,1,45000,1930
"658 Albany Dr",0.31,1750,2,187781,1984
"2000 Linden Ave",0.32,1290,1.5,187500,1984
"332 Binkley Dr",0.32,816,1,60000,1950
"4708 Utah Ave",0.17,1585,2,40500,1978
"4206 Utah Ave",0.16,1406,2,100000,1942
"4080 Fairmeade Dr",0.22,1141,1,146200,1947
"1420 Franklin Ave",0.29,831,1,200000,1961
"2403 Burch St",0.17,1826,1.5,148000,1965
"222 Elberta St",0.59,1211,1,120500,1970
"219 Ridgeway Dr",0.34,1323,1,151000,1960
"2219 Hobbs Rd",0.55,800,1,75500,1955
"222 Deer Park Cir",0.25,1920,2,175000,1953
"2159 Rock City St",0.23,1132,1,65000,1955
"4014 Woodmont Blvd",0.89,1280,2.5,130000,1983
"212 Dedham Dr",0.41,1537,2,78000,1983
"200 Lutie St",0.2,1912,1.5,205000,1973
"511 S 14th St",0.22,783,2,72500,1986
"748 Howse Ave",0.82,1032,1,255000,1953
"305 Conifer Pl",0.5,1651,2,294200,1945
"4020 Russellwood Dr",0.49,1925,2,129900,1967
"120 Cedarmont Cir",0.25,1436,1,158000,1959
"504 Mill Station Dr",0.24,1822,2,120000,1986
"2502 Barton Ave",0.22,1792,2,184000,1958
"316 Mystic Hill Dr",0.37,917,1,191000,1929
"446 Broadmoor Dr",1.25,1651,2,102634,1949
"5802 Carl Pl",0.14,816,1,105000,1952
"5020 Shihmen Dr",0.34,1263,2,370000,1947
"1408 Huffine St",0.25,1175,1.5,124000,1985
"201 Haverford Ave",0.48,1930,2,235000,1988
"1319 Stratford Ave",0.3,630,1,123000,1952
"5202 Tennessee Ave",0.09,1187,2,264900,1984
"5300 Pennsylvania Ave",0.09,1388,1.5,111850,1984
"623 Lynnwood Blvd",0.68,1161,1,125000,1957
"1601 Herman St",1.13,1097,1,99750,1955
"4313 Signal Hill Dr",0.45,1585,2,185000,1978
"6533 Cornwall Dr",1.1,1417,1.5,127900,1964
"4841 Concord Dr",0.33,1400,1,125000,1928
"3335 Lakeside Pl",0.15,1116,2,40000,1983
"6193 N New Hope Rd",0.98,1936,2,362500,1948
"1001 Caldwell Ave",0.2,736,1,35000,1958
"1523 Mckennie Ave",0.17,1736,1,154000,1955
"603 Lawrence St",0.11,728,1,63000,1935
"2514 Woodyhill Dr",0.62,1652,1,118075,1952
"1494 Clairmont Pl",0.41,1269,2,309000,2010
"403 Barbara Dr",0.99,899,1,65000,1954
"479 Hogan Rd",0.36,1374,1.5,144500,1953
"3517 Woodmont Blvd",1.19,1512,2.5,268500,2006
"4956 Darlington Dr",0.48,1816,2,91500,1986
"207 Theodore Rd",0.32,1014,2,160000,1994
"222 Danyacrest Dr",0.41,1248,1,197000,1950
"1616 22nd Ave N",0.18,1539,3,158000,1996
"1403 Dallas Ave",0.17,1389,2,86000,1950
"923 Lynnwood Blvd",0.57,1892,2.5,135000,1985
"916 Halcyon Ave",0.17,868,1,138000,1947
"3124 Kinross Ave",0.75,1086,2,217250,1948
"3815 Lake Aire Dr",0.35,1383,1.5,153000,1961
"269 Carriage Dr",0.36,1104,1,92000,1949
"4068 Cedar Cir",0.35,1014,1,145000,1961
"509 Timmons St",0.2,1774,1,135575,1963
"117 38th Ave N",0.18,1120,2,59800,2015
"1711 Knowles St",0.12,725,1,10139,1940
"4501 Park Ave",0.21,1040,2.5,218400,2016
"3537 Paragon Dr",0.23,1082,1.5,193000,1969
"814 Neartop Dr",0.29,1400,2,95252,1937
"5939 Post Rd",0.84,1830,1.5,309000,1960
"4913 Montclair Dr",0.46,768,1,165000,1950
"2916 Murray Cir",0.18,1976,2.5,120000,2015
"924 Montrose Ave",0.18,1447,2,212000,1993
"1003 Tyne Blvd",2.61,1292,2,175000,2005
"3420 Valley Brook Rd",1.79,1430,1,123000,1977
"627 Blackstone Ave",0.26,948,1,100000,1940
"5316 Overton Rd",0.76,1397,2,127000,1993
"4704 Wyoming Ave",0.17,940,1,55000,2015
"5004 Georgia Ave",0.17,644,1,60000,1920
"1013 Thomas Ave",0.21,908,2,119000,1986
"1511 Douglas Ave",0.27,1186,1,98500,1960
"3932 Banbury Dr",0.91,1890,2,510000,1920
"2957 High Rigger Dr",0.23,1078,1,134000,1953
"214 Leonard Ave",0.21,1260,2,112000,2000
"922 Acklen Ave",0.23,1028,1,80000,1950
"4609 Toddington Dr",2.05,1720,2,132500,1979
"268 Haynes Park Dr",0.24,856,1,175000,1962
"622 Des Moines Dr",0.3,1108,2,115900,2006
"2119 Crystal Dr",0.36,1344,1.5,135000,1927
"1121 Kirkland Ave",0.21,835,1,132000,1943
"4420 Manor Dr",0.71,936,2,160000,1930
"5309 Alouisiana Ave",0.09,916,1,105000,1933
"300 Rolling Mill Rd",1.01,1776,2,175900,1966
"104 Clarendon Ave",1.66,1366,1,185000,1950
"5008 Illinois Ave",0.17,1584,2,146000,1971
"231 Bonnafield Dr",0.31,1119,1,60000,1969
"4916 Salem Dr",0.64,1054,1,122000,1981
"1103 W Grove Ave",0.17,1841,2.5,236970,1923
"110 A Lauderdale Rd",0.22,1790,1,225000,1920
"108 Rosebank Ave",0.18,1988,1.5,152500,1967
"6215 Laredo Ave",0.29,1774,1.5,450000,1954
"2809 Louise Russell Dr",0.39,816,1,84000,1953
"2610 Natchez Trce",0.19,1584,2.5,127000,1984
"5042 Stillwood Dr",0.5,1911,3,440000,1926
"205 Bowling Ave",0.41,1231,2,147500,1998
"4960 Stillwood Dr",0.68,930,1,70000,1984
"709 Cerro Vista Dr",0.68,1911,1.5,195000,1958
"1305 Forrest Ave",0.18,1100,1,126000,1948
"1510 Ward Ave",0.21,1002,1,98621,1928
"801 Barbara Dr",0.96,1496,2.5,115000,1998
"1124 Granada Ave",0.15,1774,2.5,287500,1935
"611 Rosebank Ave",0.75,1221,1,87684,1958
"246 Bonnalynn Dr",0.29,959,1,165000,1900
"3947 Woodlawn Dr",0.65,905,1,365000,1947
"316 Bonnalynn Dr",0.28,1262,2,200000,1956
"2221 Grantland Ave",0.19,1180,1,10000,1940
"419 Adair Rd",0.79,1760,2,170000,1951
"1440 Ardee Ave",0.35,1055,1,85650,1978
"227 Eisenhower Dr",0.21,1190,1,70000,1955
"2403 W Heiman St",0.17,1171,1,190500,1920
"213 Leeshan Ct",0.3,1050,1,128590,1972
"3560 Shakertown Rd",0.35,750,1,119000,1950
"268 Cedarcreek Dr",0.34,1275,1,136200,1966
"5032 Marchant Dr",0.72,1486,2,167500,1946
"5116 Regent Dr",0.42,1596,2.5,137900,1986
"926 Elvira Ave",0.24,1992,2,351000,1979
"431 Wilclay Dr",0.56,1558,2,28000,1994
"1407 Hemlock Ave",0.59,1599,2,310000,1945
"203 Rolling Mill Rd",0.99,1650,2.5,155000,1955
"3508 Richland Ave",0.16,825,1,235000,1947
"729 Lambert Dr",0.99,1238,2,152000,1986
"134 Donald St",0.44,942,1,40000,1947
"919 Coral Rd",0.5,1288,1.5,85000,1986
"5692 Cane Ridge Rd",0.46,1995,2.5,439000,1930
"996 Dozier Pl",0.22,1210,1,305000,1964
"4152 Creekwood N",0.32,1872,1.5,130500,1964
"5501 Louisiana Ave",0.12,1266,2,181000,1983
"4208 Aberdeen Rd",0.19,1128,1,71411,1951
"1211 Bryan St",0.09,1369,2,262500,1940
"3819 Saunders Ave",0.46,1716,1,65000,1940
"3320 Panorama Dr",0.16,1985,1,125000,1972
"4900 Lambert Dr",1.07,1230,2,65000,1930
"4001 Ames Dr",0.25,1957,2.5,165000,2016
"2329 Modena Dr",0.55,1815,3,430000,1987
"929 Scovel St",0.1,1184,1,154500,1980
"3518 Richland Ave",0.23,837,1,7000,1920
"1168 Travelers Ridge Dr",1,1886,2,390000,1955
"2109 B Burns St",0.09,700,1,140000,1960
"1535 Arthur Ave",0.07,814,1,40900,1945
"102 Paula Dr",0.43,1380,2,365101,2007
"106 Dellway Dr",0.21,1647,1.5,361500,1955
"493 Whispering Hills Dr",0.38,1647,1,350000,1945
"3850 Hutson Ave",0.71,1572,1.5,313000,1932
"303 Shepherd Hills Dr",1.03,1375,1.5,90000,1967
"510 Elaine Dr",0.42,1517,2,374000,1951
"206 Donna Dr",0.9,1248,2,154000,1999
"730 Holder Dr",0.12,1794,1.5,171500,1964
"312 Joyner Ave",0.21,920,1,204000,1940
"311 35th Ave N",0.16,768,1,100000,1947
"509 Pine View Ct",0.48,1818,3,385000,1955
"107 Loring Ct",1.19,1694,2,207000,1955
"4916 Millerwood Dr",0.34,1875,2,122500,1969
"4844 Shasta Dr",0.37,1364,1.5,90000,1957
"2620 Taigans Ct",0.27,1196,2,254000,1997
"1223 Phillips St",0.1,1574,1.5,171000,1974
"520 Skyview Dr",0.29,1950,1.5,149800,1973
"638 Skyview Dr",0.46,1250,1,243000,1960
"304 Shepherd Hills Dr",0.98,1850,1,110000,1956
"7009 Bonnavent Dr",0.33,1459,2,203900,1968
"1208 Deerhaven Ct",0.24,1831,1,241032,1960
"5121 Hickory Grove Dr",0.29,1650,2,1725000,1973
"1020 Maxwell Ave",0.29,920,1,125500,1930
"60 Vaughns Gap Rd",0.34,1664,3,125500,1987
"419 Barbara Dr",0.95,1823,1,250500,1955
"302 Gates Rd",0.33,1850,2.5,195000,1974
"1420 Station Four Ln",0.46,1368,1.5,114500,1970
"2014 Clifton Ave",0.2,1400,1,140000,1968
"139 B Elmhurst Ave",0.09,828,1,520000,1948
"1124 Eastdale Ave",0.21,1426,2,249725,1920
"3018 23rd Ave S",0.25,1650,3,145000,1979
"1306 Shelton Ave",0.43,1175,2,171250,1952
"1000 Joyce Ln",0.5,1050,2,150000,1964
"553 Mill Station Dr",0.23,1132,1,167000,1950
"113 Cima Dr",0.57,1176,1,205000,1928
"1711 Eastside Ave",0.17,1107,1.5,100000,1985
"1720 14th Ave N",0.2,1680,2,152000,2001
"95 Scobey Dr",0.3,1850,2,139900,1980
"303 Whitsett Rd",0.17,704,1,50000,1957
"2123 Elliott Ave",0.17,1025,1,20000,1935
"3107 Doak Ave",0.29,1025,1,112900,1950
"1401 Mckennie Ave",0.2,744,1,181000,1957
"1137 Goldilocks St",0.25,1681,2.5,52500,2016
"925 Due West Ave N",1.23,1786,2.5,150000,1981
"412 Safford View Dr",0.28,1744,2,165500,1987
"4252 Valley Grove Dr",0.2,1362,1,430000,1920
"2452 Eastland Ave",0.61,1137,1,180000,1940
"2405 Stivers St",0.28,1974,2,225000,1963
"1969 Gatlin Dr",0.28,1325,1.5,146900,1967
"4222 B Granny White Pike",0.75,913,1,95000,1985
"4312 Prescott Rd",1.05,1026,1,196000,1950
"1004 N 2nd St",0.16,1894,2.5,115000,2015
"1327 B Stratford Ave",0.18,1230,1,122000,1954
"1208 Gartland Ave",0.18,1387,1,212000,1957
"1022 Granada Ave",0.17,1218,1,350000,1920
"4709 Danby Dr",0.55,1641,2.5,237000,1964
"3827 Bonnacreek Dr",0.32,1000,1,209944,1979
"1275 Old Hickory Blvd",1,1252,2,164900,1949
"221 Maple St",0.18,1004,1,73500,1935
"3850 Sam Boney Dr",0.23,850,1,198500,1928
"8020 Sawyer Brown Rd",0.36,1976,2,158500,1987
"1015 Westchester Dr",0.36,1358,2,34000,1900
"4405 Summertime Dr",0.46,1641,2,200000,1953
"1304 Mckennie Ave",0.2,809,1,148105,1940
"8122 Stacy Square Ct",0.09,1890,2,431500,1940
"1112 B Belvidere Dr",0.2,1196,2,128000,1992
"1601 Riverside Rd",0.52,1650,2,128000,1965
"6321 E Valley Rd",1.84,1350,1.5,340000,1956
"4804 Wyoming Ave",0.17,1050,1,55000,1971
"901 Marengo Ln",0.6,1714,2,165000,1985
"8321 Gordon Ln",0.34,1063,2,139900,1935
"1900 Scott Ave",0.18,1568,1,325000,1948
"614 S 12th St",0.18,1976,2.5,182000,2015
"2837 Twin Lawn Dr",0.27,1617,2,290000,1955
"1310 N 5th St",0.17,1205,1,320000,1932
"410 Ewing Dr",0.61,1191,1,139000,1966
"2212 Courtney Ave",0.43,1521,2.5,75000,1994
"2422 Vale Ln",0.6,1836,3,165000,1997
"3931 Pheasant Dr",0.96,1879,2,150000,1961
"5211 Nevada Ave",0.19,1380,2,159900,1962
"5566 Hill Rd",1.9,1023,1,85000,1928
"925 Waterswood Dr",1.01,1976,2.5,349000,2015
"907 Chicamauga Ave",0.17,1610,2,160000,1961
"1815 Heiman St",0.15,958,1,220000,1951
"121 Belgium Ct",0.43,1488,1,196000,1930
"3325 Dumas Dr",0.77,960,1.5,45000,1985
"4112 Woodway Ln",0.2,1368,1,185000,1942
"1105 Ozark St",0.16,676,1,76000,1940
"3713 Princeton Ave",0.27,1585,3,303000,2015
"1100 Jacksons Valley Rd",0.2,1392,2,130000,1956
"1506 Edgehill Ave",0.21,1518,2,19000,2015
"5001 Maywood Dr",0.57,1116,1,21500,1985
"4015 Hutson Ave",0.55,1705,1,168000,1945
"1712 Simpkins St",0.19,1362,1,138900,1959
"1900 Shelby Ave",0.17,1288,1,55000,1929
"6100 Stillmeadow Dr",0.54,1728,1.5,155000,1972
"1803 A 6th Ave N",0.17,1199,1,105000,1920
"1925 Treeview Dr",0.25,1542,1.5,171000,1955
"910 Cadillac Ave",0.68,1800,1.5,127000,1962
"618 Maplewood Ln",0.27,576,1,30000,1920
"205 Spring Ridge Ct",0.49,1057,2,139900,1992
"524 Timmons St",0.34,1864,2,305000,1930
"3400 Pleasant Valley Rd",0.47,1575,1.5,120000,1965
"2409 Carter Ave",0.28,1550,1.5,149900,1984
"5104 Lana Renee Ct",0.52,975,1,195000,1963
"1202 Katie Ave",0.17,936,1,100000,1970
"166 Antioch Pike",0.35,1430,1.5,232000,1955
"113 Warren Dr",0.24,744,1,65000,1949
"4400 Dakota Ave",0.17,1492,1.5,169900,1940
"1751 16th Ave N",0.12,1335,1.5,98000,1973
"4017 Moss Rose Dr",0.46,929,2,65000,1985
"7625 Indian Springs Dr",0.92,1200,1,116400,1958
"4902 Elkins Ave",0.17,1275,1,119000,1960
"4914 Salem Dr",0.52,1124,2,235000,1920
"8045 Sawyer Brown Rd",0.88,993,1,300500,1963
"6663 Clearbrook Dr",0.9,960,2,120000,1949
"400 Foothill Dr",1.12,1574,2,300000,1960
"1100 Woodvale Dr",0.36,1579,2,189900,1994
"4705 Grinstead Pl",0.3,925,1,137000,1951
"1803 Guest Dr",0.46,1876,2.5,393000,1926
"501 Mcdonald Dr",0.41,1950,2,160000,1970
"1707 Temple Ave",0.34,1692,2,207000,1940
"341 Fieldcrest Dr",0.34,1490,1,340000,1955
"3129 Greggwood Dr",0.17,1594,2,178000,1967
"954 Currey Rd",0.35,1286,1,153000,1959
"935 A 33rd Ave N",0.17,1870,2,475000,1945
"1416 Norvel Ave",0.45,1349,2,75000,1956
"903 Rose Park Dr",0.26,1890,2,50000,1920
"3081 Brantley Dr",0.28,1553,2,195000,1920
"1937 Cromwell Dr",1.21,1775,1.5,105000,1966
"2424 Kimberly Dr",0.6,1125,1,329900,1972
"662 Hicks Rd",0.32,888,1.5,86000,1993
"297 Vivelle Ave",0.39,1550,1.5,180000,1966
"5133 Boxcroft Pl",0.17,1512,2,195000,1984
"902 Nesbitt Ln",0.96,1697,2,455500,1941
"211 Chilton St",0.18,1610,1,91000,1956
"1308 Old Hickory Blvd",3.24,1916,1,310000,1939
"727 Linden Grn",0.36,1934,1.5,275000,1968
"120 Denise Dr",0.25,1000,1,119000,1949
"406 Jones St",0.13,1860,3,110000,1964
"658 Hicks Rd",0.29,1504,2.5,308000,2016
"1029 Sharpe Ave",0.18,1594,1,135000,1948
"4309 Sneed Rd",0.59,781,1,175000,1955
"3823 Whitland Ave",0.8,1228,1,70000,1954
"1204 W Trinity Ln",5.6,1272,1,127500,1955
"2513 Westwood Ave",0.21,1360,2,135000,1989
"3628 Wood Bridge Dr",0.35,1250,1,103000,1967
"6401 Henry Ford Dr",0.29,806,1,40000,1940
"2120 June Dr",0.35,1440,1,113000,1968
"1904 Warfield Dr",0.26,1132,1,93000,1940
"5720 Spring House Way",0.36,1575,1.5,133900,1960
"1008 Malquin Dr",0.2,1472,1.5,60000,1976
"6238 Hillsboro Pike",2.2,1475,1,153500,1956
"523 Camden Dr",0.27,961,1,94000,1948
"4711 Wyoming Ave",0.22,1968,2.5,339900,2013
"1209 Canterbury Dr",0.75,1513,1.5,315000,1957
"1204 Pennock Ave",0.15,1350,1.5,325500,1922
"4325 W Hamilton Rd",0.3,1170,2,72500,1986
"1808 Eastside Ave",0.17,1404,2,160000,1986
"632 Center St",0.52,1468,1,105000,1900
"602 Estes Rd",0.45,1104,2,93000,1984
"814 Gallavista Ave",0.35,1730,2,130000,1979
"907 Overton Lea Rd",2.01,1444,2,330000,1953
"3818 Plantation Dr",0.29,1186,2,107000,1989
"2917 Tuggle Ave",0.3,1122,1,129000,1935
"1005 Jones St",0.11,1521,3,112900,1992
"1734 Mckinney Ave",0.15,825,1,22000,1948
"3402 Lauer Dr",0.17,1260,2,165500,1994
"517 Bluewater Dr",0.43,1025,1,162000,1969
"1605 Harding Pl",2.11,1475,1,135000,1963
"984 Beech Bend Dr",0.4,1232,1,85000,1947
"1525 12th Ave N",0.18,1100,1,182500,1955
"3360 Oak Trees Ct",0.1,1522,3,165000,1985
"829 Youngs Ln",1.01,1580,2.5,200000,1958
"3412 Towne Village Rd",0.25,1475,1.5,170000,1964
"1024 Highland Cir",0.62,1739,3,415000,1925
"1811 25th Ave N",0.11,1158,1.5,124000,1984
"3728 Hillbrook Dr",0.23,1169,1,115000,1940
"3207 Agatha Ct",0.21,1584,1.5,305000,1935
"2608 Willowbranch Dr",0.32,1512,2,165000,2002
"1010 Meridian St",0.19,1548,2,141500,2014
"1114 Waggoner Ct W",0.13,1138,1,75500,1950
"433 W Bend Dr",0.2,1406,1.5,385000,1915
"94 Thompson Ln",0.46,1590,2,138000,1993
"3601 Saratoga Dr",0.16,1271,2,62000,1984
"1830 Primrose Ave",0.22,924,1,140000,1955
"2832 Clifton Ave",0.17,770,1,75100,1924
"1106 Preston Dr",0.26,869,1,68000,1930
"887 Sharpe Ave",0.16,1350,2,84500,1978
"1411 Winding Way",1.03,925,1,90000,1954
"815 Carlyle Pl",0.58,1384,1.5,250000,1940
"2020 Greenwood Ave",0.21,960,1,116000,1948
"1409 Montgomery Ave",0.25,1905,1.5,130000,1955
"5122 Overton Rd",0.51,1380,1,115000,1935
"664 Harding Pl",0.36,1730,1,225000,1983
"117 Clarendon Ave",0.68,1271,1,147000,1920
"2510 Woodyhill Dr",0.66,1444,2,286500,1964
"315 Prince Ave",0.23,1694,2,200000,1954
"508 S 14th St",0.17,950,1,132500,1956
"5101 Hilson Rd",0.43,1765,1.5,135035,1972
"620 American Rd",0.45,1260,1.5,155000,1928
"1707 Eastland Ave",0.21,1072,2,163000,1947
"514 Richmar Dr",0.53,1286,1,142000,1957
"895 Douglas Ave",0.14,1822,1,125000,1920
"2730 Emery Dr",0.26,1828,3,365000,1929
"2618 Ashwood Ave",0.18,1636,2,225500,1920
"3911 Brick Church Pike",0.67,1408,1,127000,1960
"636 Old Lebanon Dirt Rd",0.23,992,1,131300,1934
"325 Cleveland St",0.19,1064,1,134232,1950
"4945 Algonquin Trl",0.34,1125,1,165000,1950
"6319 St Henry Dr",0.36,1344,2,50000,2001
"1317 Ardee Ave",0.61,1292,2,145200,1920
"8218 Luree Ln",0.29,1824,2,295000,1950
"301 37th Ave N",0.11,1134,2,55000,1986
"645 Netherlands Dr",0.27,1900,2,79000,1968
"106 Morningview Ct",1.33,1295,1.5,115000,1962
"3221 Autumn Dr",0.26,1428,2,139900,1979
"5958 Post Rd",0.82,1353,1,193000,1935
"813 Ilawood Ct",0.27,1524,1.5,400900,1945
"220 Roosevelt Ave",0.15,975,1,128000,1956
"4816 Cimarron Way",0.32,1287,1,252000,1938
"2011 Oakwood Ave",0.23,1750,2,265000,1954
"4020 Coleridge Dr",0.34,1578,1,80000,1963
"3337 Lakeside Pl",0.17,910,1,229900,1950
"1404 Overton St",0.11,1216,1,78700,1900
"5213 Kentucky Ave",0.23,1616,1.5,117000,1973
"1241 Apache Ln",0.34,768,1,95000,1948
"1322 Hildreth Dr",1.24,1363,1,45000,1950
"1721 14th Ave N",0.16,1566,2,60000,1984
"1908 15th Ave N",0.14,1198,2,140000,2015
"601 Barbara Dr",0.64,1345,2,175000,1950
"59 Lutie St",0.29,720,1,115000,1950
"5009 Pebble Creek Dr",0.34,1638,1,131400,1945
"1507 Shelby Ave",0.17,1070,1,129000,1955
"30 Jay St",0.25,1025,1,85900,1969
"2809 Ennis Rd",0.34,1268,2,12000,2014
"1738 21st Ave N",0.09,960,1,62500,1986
"1440 Pawnee Trl",0.34,1887,2.5,405000,2015
"6505 Fleetwood Dr",0.95,750,1,70300,1950
"2530 Flamingo Dr",0.29,1090,2,83000,1948
"266 Ocala Dr",0.32,1983,2,389900,1920
"229 Graeme Dr",0.52,1050,1,184900,1978
"277 Largo Dr",0.29,900,1,65000,1967
"5428 Oakmont Cir",0.2,1338,1,112500,1957
"3121 Moorewood Dr",0.22,1238,1,274500,1956
"1310 Newman Ave",0.28,1152,1,25000,1945
"4317 Signal Hill Dr",0.48,1324,1.5,123000,1974
"4102 Granny White Pike",0.42,1054,1.5,92700,1985
"6720 Currywood Dr",0.99,1791,2,146500,1964
"565 Whispering Hills Dr",0.43,1280,1,130000,1949
"6607 Fox Hollow Rd",2.64,1350,2,125000,1951
"5742 Laura Hill Rd",4.04,1093,1,57500,1930
"1211 Kenwood Dr",0.25,1929,2,223900,1971
"2318 Maplecrest Dr",0.52,1139,1,105000,1950
"1001 Mcclurkan Ave",0.17,896,1,136000,1956
"722 Rachels Trl",0.07,1618,1,235000,1958
"522 S 14th St",0.18,1690,2,139900,1965
"6101 Robertson Ave",0.23,756,1,44291,1952
"169 Delvin Dr",0.26,1377,1,133450,1954
"616 Bellevue Rd N",0.36,1950,1.5,285000,1968
"218 Rising Sun Ter",0.99,945,2,140000,2001
"539 Elaine Dr",0.53,1597,2,119900,1987
"1320 Saturn Dr",0.29,1354,1.5,124900,1979
"644 N 5th St",0.09,1450,1.5,160000,1974
"1209 Placid Ct",0.28,1120,1,209900,1963
"527 Ben Allen Rd",0.36,1827,1,300000,1955
"2918 Lyncrest Dr",0.5,1458,1.5,232000,1964
"4832 Lynn Dr",0.68,792,1,110000,1948
"5112 Whitaker Dr",0.34,975,1,115000,1957
"1000 N 16th St",0.16,1889,2,247000,1959
"1410 Bain Dr",0.18,1868,1,156000,1957
"1811 Meridian St",0.19,1288,1,54500,1930
"2725 Mailan Dr",0.22,1653,1.5,125000,1930
"100 Graycroft Ct",0.91,850,1,95500,1957
"5127 Amalie Dr",0.3,1036,1,50100,1940
"4113 Apache Trl",0.21,1074,2,112444,1985
"845 Otter Creek Rd",1.46,1431,1,259900,1955
"2715 Mossdale Dr",0.29,1713,1.5,170000,1961
"5315 Indiana Ave",0.09,1660,2,38000,1930
"1720 12th Ave N",0.19,1331,1,205500,1963
"2404 Underwood St",0.11,1628,1.5,161500,1975
"5514 Kentucky Ave",0.14,840,1,115000,1978
"3909 Rock Creek Dr",0.25,1838,1.5,209611,1966
"701 Ledford Dr",0.91,1599,3,220000,1943
"1707 Green Hills Dr",0.26,940,1,90000,1948
"4604 Camellia Pl",0.49,1726,2,145900,1959
"1003 W Eastland Ave",0.17,1805,2,198000,1959
"4008 Lealand Ln",0.57,1288,1.5,134500,1963
"713 Ward St",0.35,1515,2,123900,1979
"2800 Delaware Ave",0.22,1194,2,215000,2012
"142 39th Ave N",0.18,1036,1.5,87000,1985
"421 Arrowwood Dr",0.6,1624,1.5,192000,1928
"5302 Pennsylvania Ave",0.17,711,1,114000,1945
"621 Canton Pass",0.26,1806,2,140000,1962
"2910 Teakwood Dr",0.39,1046,1,180415,1930
"6104 Hickory Valley Rd",1.46,1508,2,85000,1979
"437 Broadmoor Dr",0.92,1521,3,114900,1990
"4605 Lila Ln",0.35,1728,2.5,241000,2007
"403 Eastboro Dr",0.22,888,2,66000,1955
"6505 Turnberry Way",0.48,1540,2,118500,1946
"117 Eastmoreland St",0.17,1662,2,336000,1964
"559 Brentview Hills Dr",1.35,1464,2,193500,1993
"305 Honeyhill Dr",0.29,1398,1,140000,1955
"1812 Delta Ave",0.29,1248,2,118000,1952
"113 Lindsley Park Dr",0.22,1200,1,160000,1956
"1000 Seymour Ave",0.26,920,1,50000,1948
"1029 Patio Dr",0.13,1775,2,370000,1941
"1715 Holly St",0.18,904,1,62500,1976
"1413 21st Ave N",0.18,960,1,72000,1930
"210 E Marthona Rd",0.92,1078,1,58000,1940
"3812 Inglewood Cir N",0.26,1580,2,140000,1935
"2136 Guaranty Dr",0.31,1025,1,70000,1953
"3509 General Hood Trl",0.34,1187,2,123217,1984
"2713 Barclay Dr",0.34,1346,2,139000,1997
"8204 Gordon Ln",0.32,1328,2,264500,1948
"914 Fairwin Ave",0.25,1394,2,139500,1965
"519 S 11th St",0.36,1411,1,124900,1955
"6329 Columbia Ave",0.26,1200,1,115000,1945
"6033 Jocelyn Hollow Rd",2.13,1044,2,119900,1989
"813 Carlyle Pl",0.95,1199,1.5,61500,1983
"3921 Rock Creek Dr",0.24,1020,1.5,86900,1984
"342 Jocelyn Hollow Cir",1.03,1903,3,94000,1979
"415 Hamblen Dr",0.98,1476,2,76000,1960
"2012 Otter Valley Ln",1.74,1530,2.5,239900,1930
"5061 Streamfield Pass",0.27,1018,1,125000,1956
"726 Maplewood Ln",0.35,1325,1,97000,1962
"1004 Paris Ave",0.17,739,1,205000,1935
"3113 Torbett St",0.11,814,2,95500,1960
"2924 Wingate Ave",0.21,1220,2,122500,2005
"1329 4th Ave N",0.07,1161,2.5,167000,1983
"1616 Douglas Ave",0.18,1632,2,340000,1930
"1609 10th Ave N",0.17,1232,1.5,128750,1951
"311 W Monticello Ave",1.69,1340,2,134900,1989
"2234 Modena Ct",0.44,1444,2,350000,1948
"5640 Clovermeade Dr",0.92,1178,2.5,174900,1986
"101 Brockhampton Ct",0.17,1468,1,136000,1955
"2021 Earlington Dr",1.07,1844,1.5,323000,1955
"109 Oceola Ave",0.61,800,1,120000,1920
"3932 Plantation Dr",0.32,1559,2.5,25000,2015
"1407 Overton St",0.11,1835,1.5,300000,1955
"4310 Colorado Ave",0.19,1215,2,13644,1940
"4214 Edwards Ave",0.22,1005,1,104900,1950
"105 Wilmington St",0.17,1375,1.5,385000,1925
"4301 Lillywood Rd",1.11,1367,2,95000,1984
"4207 Glynda Dr",0.38,975,1,49500,1963
"2916 Snowden Rd",0.36,1921,1.5,174900,1960
"124 Blackburn Ave",0.25,1445,1.5,310000,1940
"1009 Monroe St",0.19,1197,2,92500,1934
"4404 Shys Hill Rd",0.55,1945,3,384000,1950
"5915 Edmondson Pike",2.4,1261,1,78000,1945
"1231 Lischey Ave",0.23,1520,2.5,120000,1978
"720 Dover Rd",0.6,1722,2.5,174000,1988
"7009 Bonnamere Dr",0.25,630,1,90000,1958
"7409 Sawyer Brown Rd",1.15,1100,1.5,90100,1980
"1001 Carolyn Ave",0.22,744,1,85500,1948
"2010 18th Ave S",0.13,1707,2,427000,1924
"2205 Rosehaven Dr",0.22,960,1,159000,1935
"221 Whitney Park Dr",0.3,950,1,80000,1962
"2988 Owendale Dr",0.21,1465,2,170000,1958
"205 Appletree Rd",0.95,861,1,123000,1945
"2313 Riverside Dr",0.22,1428,2,130800,1965
"838 N Hillview Ct",1.02,1479,1,325000,1948
"924 S 12th St",0.17,783,1,98000,1935
"601 N Graycroft Ave",1.03,1667,1.5,285900,1955
"565 Elysian Fields Rd",0.35,858,1,100000,1940
"311 Highland Heights Dr",1.05,1450,1,145000,1960
"109 Cherokee Hills Dr",0.32,1872,2,100000,1972
"317 51st Ave N",0.16,1776,2,163000,1959
"111 Taggart Ave",0.46,1850,1,116500,1969
"523 Crieve Rd",0.55,828,1,83000,1951
"1713 Overton St",0.3,1830,1.5,275000,1960
"1626 25th Ave N",0.14,1228,1.5,61250,1984
"5602 Kentucky Ave",0.09,1215,2,200000,1953
"441 Janette Ave",0.29,1906,2,215000,1955
"1617 Long Ave",0.17,960,1.5,42000,1985
"2038 Elliott Ave",0.17,1912,1.5,163000,1969
"4112 Edwards Ave",0.52,832,1,41000,1955
"1136 Stonewall Jackson Ct",1.02,1988,2,410000,2014
"5672 Oakes Dr",1.36,1095,1,375000,1948
"506 E Nocturne Dr",0.25,920,1,76500,1953
"725 Chickasaw Ave",0.22,1466,1.5,486000,1954
"405 Eatherly Dr",0.52,1025,1,74000,1962
"5109 Leath Dr",0.91,1538,2,339000,1950
"2687 Hartford Dr",0.39,1512,2,104680,2002
"4101 Eastview Dr",0.18,1550,1,234000,1930
"1405 Riverside Rd",0.41,1290,2,70350,1930
"1127 Tuckahoe Dr",0.51,768,1,75000,1945
"5008 Marchant Dr",0.45,1507,1.5,306000,1959
"3144 Crosswood Dr",0.57,1805,2,90000,1953
"111 Vossland Dr",1.23,1775,1,138000,1965
"703 N 2nd St",0.16,1170,2,72500,1986
"5847 E Ashland Dr",1.31,754,1,49000,1983
"301 April Ln",0.33,1848,2.5,170000,2016
"3957 Dodson Chapel Rd",0.38,1449,1,116000,1967
"1111 Shelby Ave",0.2,1344,2,170000,1938
"1232 Charlton Dr",0.3,1633,2.5,139000,1992
"320 Vaughn St",0.2,1980,2.5,189900,1984
"403 Moss Trl",0.91,1333,1,40000,1935
"710 Lischey Ave",0.15,1131,2,123300,1945
"432 Westboro Dr",0.32,1050,1.5,125000,1975
"1727 Mckinney Ave",0.17,768,1,61000,1948
"818 Brooks Ave",0.18,1425,1,135000,1965
"203 Isaac Dr",0.57,1770,2,327500,2008
"1413 Timber Valley Dr",0.14,1768,2.5,535000,2004
"5406 Pennsylvania Ave",0.18,1596,2.5,110000,1986
"4244 Nepal Dr",0.23,1322,1,139900,1955
"213 Harpeth Valley Rd",1.03,1315,2,145000,1979
"1410 Clarke St",0.1,986,1.5,70000,1984
"129 Eastmoreland St",0.17,1897,2,499000,1930
"101 Dorchester Ct",0.12,1743,2,159000,1987
"2528 Whites Creek Pike",0.73,1581,2,230000,1930
"710 Cleves St",0.12,1652,2,142000,1987
"303 Aurora Ave",0.16,1056,1,190150,1945
"1049 Jasperson Dr",0.91,1602,1.5,168500,1961
"2004 Otter Valley Ln",2.43,1144,1,203900,1940
"5102 Hilson Rd",0.62,1573,1,375000,1951
"6408 Bresslyn Rd",0.95,1980,2,164000,1950
"2207 Craigmeade Cir",0.45,1107,2,111250,1987
"722 Lena St",0.14,1256,1.5,141500,1971
"933 A Caldwell Ln",0.31,1640,1,165000,1957
"312 Valeria St",0.17,1353,1.5,139900,1953
"2160 W Richmond Hill Dr",0.09,804,1,135000,1949
"5412 Tennessee Ave",0.11,1622,2,153900,1989
"502 Due West Ave",0.95,1156,1,121750,1955
"3413 Westcliffe Ct",0.37,1911,1.5,306500,1968
"6912 Ridgerunner Ct",0.94,1488,2,383000,1950
"2216 Grantland Ave",0.19,1627,1,270000,1930
"1041 Hickory Hollow Rd",0.95,1341,2.5,224900,1938
"613 Dutchmans Dr",0.34,1798,3,320000,2015
"924 Southside Pl",0.12,1695,2,162000,1977
"332 Vaughn St",0.23,1474,1.5,115900,1960
"2904 Fernbrook Ln",0.44,1561,1.5,350000,1973
"1508 Andy St",0.23,1500,1,139900,1972
"1605 Tammany Dr",0.46,1838,3,142000,1986
"815 Halcyon Ave",0.25,1324,2,350000,1966
"500 B Wilson Blvd",0.13,1639,1,230000,1933
"3007 Carterwood Ct",0.25,880,1,110000,1950
"957 Harpeth Bend Dr",0.36,1652,3,241000,1999
"926 Burchwood Ave",0.19,1434,1,325000,1920
"1001 Stockell St",0.19,1123,1,155000,1936
"122 Oxford Ct",0.21,1872,2,290000,1945
"264 Cumberland Cir",1.36,1237,1,340000,1935
"205 Becklea Dr",0.22,1204,2,210000,1951
"1401 Overton St",0.1,1898,1.5,218000,1960
"519 Elysian Fields Rd",0.35,1626,2.5,313000,1957
"4306 Westlawn Dr",0.15,816,1,78000,1950
"1314 Cardinal Ave",0.22,1742,1.5,198000,1956
"420 Wanda Dr",0.65,1024,1,121900,1949
"426 Janette Ave",0.27,896,1,286150,1935
"3691 Tibbs Dr",0.2,1965,2.5,195000,1996
"728 Stone Hedge Dr",0.2,1440,2,342500,1950
"886 Sharpe Ave",0.16,948,1,87500,1940
"2605 Bethwood Dr",0.18,1056,1,125000,1956
"102 Buckingham Ct",0.23,1668,2,175000,1940
"208 Norway Ter",0.28,1329,1,181500,1957
"1131 Morrow Ave",0.14,1415,3,240000,2014
"909 S 14th St",0.14,1375,2,215000,1963
"104 Donna Dr",0.7,1398,3,415000,1930
"2406 Brasher Ave",0.17,1364,2,299500,1933
"114 Creighton Ave",0.19,1846,1.5,200000,1961
"2649 Smith Springs Rd",0.17,704,1,79000,1959
"342 Timberdale Ct",0.37,1253,2,225900,1923
"4813 Barclay Square Dr",0.22,1208,1,118000,1958
"2001 Ashwood Ave",0.19,1170,2,146000,2013
"419 Northside Dr",0.98,1455,2,200000,1930
"4317 Winton Dr",0.33,1174,2,100000,1977
"2012 Rosecliff Dr",0.27,994,1,143500,1951
"4611 Grinstead Pl",0.2,1872,2,135000,1920
"224 Craighead Ave",0.38,1323,2,88000,1981
"2218 Fernwood Dr",0.32,1196,1,150000,1955
"805 Fonnic Dr",0.89,1422,2,122000,1957
"4636 Tara Dr",1.24,1653,2,99777,1940
"1005 Central Valley Ct",0.18,1934,3,528000,1935
"5602 B Kentucky Ave",0.09,1075,2,115000,1987
"2113 19th Ave S",0.41,1512,2,75000,1983
"628 Galaxie Dr",0.26,1872,1.5,69000,1962
"706 Maplewood Ln",0.52,1465,2,225000,1958
"303 Elberta St",0.21,1951,2,233000,1976
"2713 Craig Ave",0.31,1493,1,100000,1955
"3706 Westbrook Ave",0.28,1768,2,280000,1957
"1113 Richard Lee Cir",0.34,1328,1.5,130000,1960
"1410 Birdsall St",0.11,1800,2,135000,1958
"325 Prince Ave",0.25,768,1,94000,1948
"1035 Antioch Pike",2.13,1024,2,124000,1991
"4957 Tyne Ridge Ct",1.21,1215,1.5,100000,1969
"556 Castlegate Dr",0.3,1369,1,162500,1959
"622 Skyview Dr",0.26,1255,1,165000,1952
"5005 Bonnavista Dr",0.28,999,1,155000,1951
"630 Harpeth Bend Dr",0.4,1088,1,127500,1949
"1304 Winthorne Dr",0.36,1185,2,264500,1910
"1214 Villa Pl",0.17,1225,1.5,126900,1966
"2339 Cooper Ter",0.13,1716,4,28500,1985
"209 Queen Ave",0.21,1790,2.5,120000,1947
"3854 Valley Ridge Dr",0.25,879,2,101000,1988
"111 Wilmington St",0.17,1241,2.5,136000,1983
"2800 Westwood Ave",0.13,1960,2,160000,1977
"203 Hollywood St",0.26,1429,1.5,100000,1992
"667 Rehnea Dr",0.34,1620,2,150600,1965
"918 Solley Dr",0.22,800,1,164500,1963
"505 Westward Winds Dr",0.3,1530,2,262000,1961
"3104 Stanwyck Dr",0.44,975,1,83500,1957
"500 Acklen Park Dr",0.12,1418,2,95000,1962
"938 Woodmont Blvd",0.35,1563,2,120000,1980
"1117 Stockell St",0.19,1196,1,130000,1923
"2807 W Kirkwood Ave",0.23,1364,1,244900,1960
"1502 16th Ave N",0.16,1545,1,138000,1960
"449 Westcrest Dr",0.23,1333,1.5,193000,1955
"125 Clydelan Ct",0.32,924,2,210000,1940
"1814 Glade St",0.12,1425,1.5,114900,1968
"1507 Mcgavock Pike",0.25,1849,2,139880,1994
"1412 Sumner Ave",0.29,814,1,215000,1960
"5004 Idaho Ave",0.17,1375,1,139900,1963
"619 Delaware Ave",0.34,1561,1.5,195500,1960
"901 Cadillac Ave",0.73,1350,2,144000,1930
"4938 Barella Dr",0.18,1501,2,120000,1958
"1023 Sharpe Ave",0.18,630,1,60000,1925
"2708 Fairfax Ave",0.21,1862,2,164750,1955
"218 Blue Hills Dr",0.39,1848,2.5,432500,2016
"3235 Cloverwood Dr",0.26,1536,2,243500,1958
"5562 Knob Rd",0.29,1852,2,127000,1978
"7908 Stallion Dr",0.29,1911,1,298000,1910
"4856 Indian Summer Dr",0.6,1976,1.5,207000,1962
"801 Nella Dr",0.91,1999,3,149000,1991
"1028 11th Ave N",0.09,1851,2,176900,1992
"1711 Primrose Ave",0.18,1228,1.5,64900,1985
"2935 Lakeland Dr",0.21,1897,2,270120,1900
"300 Marshall St",0.13,1280,2,39000,1930
"2341 Herman St",0.18,1646,1,290000,1953
"232 Cross Timbers Dr",0.8,1815,2,219000,1961
"4993 Edmondson Pike",0.34,1142,2,120000,1955
"4131 Edwards Ave",0.36,1054,2,117500,1972
"1261 1st Ave S",0.21,1676,2,274900,2013
"116 Gordon Ter",0.35,1537,2,87500,1985
"819 Otter Creek Rd",4.18,1622,2,130000,1940
"5402 C Kentucky Ave",0.08,1008,1,95000,1979
"4304 Brackenwood Dr",0.21,1233,2,240900,1948
"518 Rural Hill Rd",0.26,1175,1.5,165000,1965
"3804 Bunny Dr",0.29,851,1,43000,1930
"1900 Omohundro Ct",0.34,1877,2,160000,1977
"5551 Hillview Dr",1.14,1488,2,260000,1950
"129 Page Rd",0.48,820,1,500000,1936
"7541 Oakhaven Trce",0.77,988,1.5,88900,1978
"649 River Rouge Dr",0.44,1326,1,110000,1971
"537 Starliner Dr",0.29,1402,1.5,190000,1957
"2225 Fernwood Dr",0.4,975,1,80000,1964
"608 Elaine Dr",0.3,1652,2,432600,1930
"2503 Osage St",0.11,1568,1.5,250000,1962
"629 Kinsey Blvd",0.64,1300,1.5,117000,1960
"936 Delmas Ave",0.22,1697,2.5,122000,2001
"2216 Ravenwood Dr",0.33,1649,1,405000,1938
"1707 12th Ave N",0.18,912,1,63300,1965
"908 Southside Pl",0.12,1840,1.5,142924,1966
"2103 Avalon Dr",0.3,962,2,138000,1940
"1466 Tyne Blvd",0.52,1297,2,200000,1930
"2505 Alvinwood Dr",0.66,1998,1,65000,1950
"3309 Skyline Dr",0.58,1946,2.5,299000,2015
"910 Morrison St",0.11,1825,2,135450,1978
"1030 15th Ave S",0.17,1325,1.5,165000,1961
"402 Lakehurst Dr",0.22,1537,2,53800,1985
"4102 Eden Ave",0.26,1475,1.5,105000,1960
"1106 Paris Ave",0.17,1376,2,203500,1998
"203 Morton Ave",0.18,800,1,55000,1955
"1014 A Jackson St",0.1,1102,1,270000,1932
"618 Harpeth Pkwy E",0.34,1594,1,48000,1926
"102 Newport Dr",0.22,1238,1,80000,1920
"317 Spence Cir",0.26,1659,1,119000,1960
"5003 A Michigan Ave",0.1,768,1,90500,1950
"3806 Priest Lake Dr",0.27,1595,2,100000,1940
"1529 Market Sq",0.19,1777,2.5,135000,1956
"1416 Golf St",0.24,1893,2.5,380000,2012
"405 N 17th St",0.12,1150,1,46000,1958
"1411 Janie Ave",0.41,1500,2,70000,1978
"879 Granada Ave",0.16,1767,2,164800,1966
"327 Blackman Rd",0.64,1705,2,90000,1940
"2827 Barclay Dr",0.36,746,1,63000,1942
"1803 Forrest Ave",0.44,1513,2,156305,1960
"821 W Hillwood Dr",0.99,1025,1,171211,1956
"1817 Stratford Ave",0.45,1025,1,81000,1969
"105 Lutie St",0.17,1512,2,100000,1984
"4801 Dakota Ave",0.19,1344,2,285000,1923
"4544 Brooke Valley Dr",0.18,1636,2,168000,1992
"907 Broadmoor Dr",0.19,1216,1,44000,1932
"1000 Pleasant View Dr",0.12,1548,2,14000,2015
"1018 Elvira Ave",0.43,1695,2,250731,1950
"305 W Fork Ct",0.29,840,1.5,66000,1984
"1455 Janie Ave",0.4,1881,2,312000,1920
"4800 Danby Dr",0.35,1825,2,189900,1975
"4925 Seiner Ct",0.66,1557,2,270000,1957
"723 Greeley Dr",1.42,1265,1.5,113359,1979
"252 Sailboat Dr",0.28,1792,2,337000,1950
"602 Village Ct",0.15,1800,2,319900,1950
"4908 B Indiana Ave",0.09,1877,2,360000,1957
"1503 Stratton Ave",0.21,1008,1.5,22000,1930
"5416 Bradfield Dr",0.59,1578,2,192000,1955
"425 Landon Dr",0.45,1550,2,265000,1968
"902 Waldkirch Ave",0.17,1464,1,110000,1935
"5315 Confederate Dr",1.42,919,1,24000,1930
"495 Broadwell Dr",1.04,1390,1,170000,1930
"7211 Birch Bark Dr",0.5,1088,1,70000,1930
"908 Preston Ct",0.22,1903,1,225000,1955
"1604 Litton Ave",0.18,1950,2,235000,1961
"5010 Idaho Ave",0.2,1508,1,276000,1961
"909 Goodbar Dr",0.28,1450,1.5,222000,1966
"1708 Bonner Ave",0.26,872,1,89600,1951
"1123 Agreenland Ave",0.37,840,1,50000,1930
"215 Lauderdale Rd",0.22,1531,1.5,107000,1955
"117 S 13th St",0.18,1450,1,100000,1960
"1001 Caruthers Ave",0.19,976,1.5,165000,1935
"238 Madison Blvd",0.39,1244,1,200000,1940
"951 Graybar Ln",0.3,1715,1.5,137900,1976
"401 Hamblen Dr",1.04,1830,1.5,240000,1956
"1060 Lynnwood Blvd",1.14,1925,1.5,240000,1959
"5728 Murphywood Xing",0.26,915,1,230000,1920
"100 Montchanin Rd",1.08,984,1,45000,1900
"504 Southern Turf Dr",0.28,1971,2,140000,1974
"5920 Maxon Ave",0.21,1044,1,52500,1935
"308 Churchill Ct",2,1944,2.5,164000,2014
"87 A Oriel Ave",0.26,960,1,87500,1981
"344 Thelma St",0.19,1600,1,165000,1938
"1112 Forrest Ave",0.18,1680,2,190000,1928
"3109 Doak Ave",0.17,1476,2,73000,1978
"102 Lincoln Ct",0.19,1164,2,97000,1997
"139 46th Ave N",0.15,1432,2,440000,1982
"790 Bellevue Rd",1,708,1,60000,1978
"5189 Hilson Rd",0.32,1066,2,108000,1986
"3113 Southlake Dr",0.32,912,1,132055,1950
"515 Inwood Dr",0.33,783,1,72500,1986
"1125 Ardee Ave",0.22,1008,1.5,28000,1930
"115 W Tyne Dr",0.5,1609,2,275000,2006
"317 Harris St",0.16,966,1,325000,1950
"931 Mcclurkan Ave",0.18,1172,2,100000,1984
"305 Joyner Ave",0.17,953,1,180000,1940
"4320 Old Hickory Blvd",0.2,1391,1.5,202000,1961
"1406 Montgomery Ave",0.23,1284,2,140000,2014
"644 Truxton Ct",0.22,1850,1.5,130000,1968
"913 Richards Rd",0.28,1440,2,96800,1995
"807 Netherlands Dr",0.16,1008,1,164900,1950
"2817 Druid Dr",0.41,876,1,79900,1929
"3717 Wharton Dr",0.32,876,2,134000,1938
"416 Scott Ave",0.26,1558,2,212000,1953
"185 Bonnafield Dr",0.27,1604,2,375000,1950
"1418 Kirkland Ave",0.17,1544,2,125000,1997
"912 Elvira Ave",0.22,1348,2,178000,1974
"511 Spring Valley Ln",0.3,1069,2,135000,2000
"308 Mccall St",0.18,1275,1.5,132001,1963
"1713 Hanover Rd",0.19,1843,1.5,380100,1958
"4501 Brooke Valley Dr",0.17,1275,1.5,105500,1963
"3422 Hampton Ave",0.91,1550,2.5,149900,1985
"3906 Ivy Dr",0.32,1760,2,306900,1938
"801 Winthorne Ct",0.57,896,1,38000,1940
"1100 Brookmeade Dr",0.65,1526,2,223000,1951
"1269 Kenmore Pl",0.22,1281,2,128100,1979
"1135 Sparta Rd",0.82,1291,1,147000,1955
"4109 Addine St",0.17,990,1,86000,1940
"4935 Raywood Ln",0.32,1050,2,205800,1923
"609 Denver Dr",0.3,1100,1,143900,1961
"307 Green Acres Dr",0.94,1472,1,230000,1942
"710 S 14th St",0.17,975,1,63500,1958
"900 Coral Rd",0.52,1336,2,125000,1958
"120 Lucile St",0.19,968,1,70000,1940
"300 Woodberry Dr",0.75,1216,1,49900,1932
"1106 Argyle Ave",0.14,1465,2,292000,1941
"1707 Turner St",0.29,1000,1,107500,1954
"636 Hogan Rd",0.44,1518,2,166000,1983
"3100 Towne Village Rd",0.21,920,1,230000,1948
"113 Joyner Ave",0.17,1579,2,148000,1986
"3004 Fieldstone Dr",0.29,1055,2,210000,1964
"339 Chamberlin St",0.17,1751,1,90000,1920
"513 Cathy Jo Cir",0.3,984,1,89900,1988
"7834 Highway 100",0.73,1840,2,308000,1940
"4600 Nebraska Ave",0.23,1136,1,139900,1945
"526 River Rouge Dr",0.29,920,1,220000,1925
"1482 County Hospital Rd",0.23,1664,1.5,165000,1958
"5019 Stillwood Dr",1.42,1445,2.5,35000,2016
"203 Burns Ave",0.25,1776,2.5,119700,2015
"3511 Echo Hill Rd",1.24,1754,1,157000,1960
"914 Percy Warner Blvd",0.34,1772,1.5,204000,1958
"1833 Welcome Ln",7.76,1632,1.5,145000,1941
"1727 Heiman St",0.15,1600,1.5,180000,1966
"6432 Worchester Dr",1.14,850,1,169000,1969
"809 45th Ave N",0.21,1522,1.5,185000,1958
"7533 Old Harding Pike",0.34,901,1,203440,1950
"3011 Ironwood Dr",0.28,1398,1.5,200000,1930
"1226 Kenmore Pl",0.24,1844,2,160000,1970
"1003 Phillips St",0.14,1525,2,154500,1993
"1018 Petway Ave",0.2,696,1,50000,1950
"4209 Brush Hill Rd",0.68,1680,2,299900,1930
"220 Riverside Dr",0.42,1755,2,81500,1941
"223 Brook Hollow Rd",1.84,1282,2,75500,1954
"1632 Rachels Retreat Cir",0.25,1440,2,292551,1938
"713 Neelys Bend Rd",0.23,1505,2,136000,1948
"2712 Happy Hollow Rd",0.67,1474,1,135500,1958
"918 Spain Ave",0.18,1462,2,22000,2014
"1908 Truett Ave",0.21,1080,1,129900,1949
"437 Owendale Dr",0.4,1512,2,340000,1984
"3410 Marlborough Ave",0.18,1110,1,144500,1946
"1315 Pillow St",0.23,912,1,50000,1974
"5830 Cloverland Dr",1.01,1809,2,158000,1986
"5965 Port Anadarko Trl",0.51,1056,1,218000,1954
"3922 Baxter Ave",0.27,1834,2.5,359900,2015
"4313 Esteswood Dr",0.87,1536,2,89000,1981
"221 Treutland Ave",0.18,884,1,107000,1930
"901 Fairoaks Dr",0.91,1650,1.5,185000,1972
"1027 Granada Ave",0.19,1425,2,155000,1989
"3101 Jonesboro Dr",0.29,1110,1,120000,1930
"4031 Overbrook Ct",1.8,1175,1,215000,1939
"2177 Quail Ridge Dr",0.66,848,1,74000,1983
"3928 Patton Hill Rd",0.27,1575,2,274900,1933
"319 Edwin St",0.18,1980,3,9000,2014
"4708 Benton Smith Rd",1.12,1769,2,385000,1925
"4014 Sneed Rd",0.55,1173,1,60000,1950
"112 Belle Meade Blvd",1.74,1025,1,87000,1935
"470 Rochelle Dr",0.52,1708,1.5,160000,1956
"409 Mciver St",0.5,1938,3,333000,1950
"202 Rising Sun Ter",1.01,1390,2,168000,1971
"705 Neill Ave",0.15,1431,2,56650,1985
"5053 Edmondson Pike",0.41,1923,2,92000,1950
"5261 Granny White Trce",1.05,1310,2,9500,2013
"429 Due West Ave",0.52,1169,2,158000,1997
"908 Bryan St",0.19,1104,1,180000,1950
"906 S 14th St",0.14,1411,1,121000,1955
"2401 Mcginnis Dr",0.39,1130,1,190000,1955
"3603 Floral Dr",0.31,1843,1.5,80000,1958
"2811 Noonan Dr",0.39,1379,2,289900,1910
"924 Curdwood Blvd",0.48,1050,1,212500,1962
"4009 Meadow Hill Dr",0.25,1375,2,142099,1971
"212 A Wallace Rd",0.32,728,1,190000,1945
"714 Estes Rd",0.43,1104,2,135900,2014
"5608 Vine Ridge Dr",0.32,1508,2,110000,1983
"1729 A Dr D B Todd Jr Blvd",0.19,1152,1,225000,1950
"941 Davidson Dr",0.92,1275,1,100000,1953
"511 Belle Meade Blvd",1.4,1898,1.5,53500,1967
"4610 Illinois Ave",0.16,1476,1,148900,1930
"1916 Treeview Dr",0.23,1693,1.5,202500,1962
"6151 Hillsboro Pike",2.49,1002,1,97000,1970
"205 Chesterton Ct",0.35,1023,1,54900,1950
"3431 Hopkins St",0.57,1284,1.5,105000,1968
"1303 Stratford Ave",0.26,1474,2,205000,2007
"1810 15th Ave N",0.13,1358,2,149900,1958
"605 Lucien Rd",0.43,1718,2,90000,1981
"1915 Wildwood Ave",0.27,1405,2,175000,1941
"2012 Mcgavock Pike",0.36,1782,1.5,188000,1950
"6021 Sedberry Rd",0.53,1438,2,70000,1984
"617 S 11th St",0.18,950,1,104000,1950
"4711 Tanglewood Dr",0.64,1050,1,133000,1955
"808 Fowler St",0.52,1280,1,135800,1955
"4506 Idaho Ave",0.17,1132,2,615661,1997
"1105 Lischey Ave",0.17,1341,1,126000,1950
"317 Eulala Cir",0.34,1430,1,143900,1972
"4144 W Hamilton Rd",1.03,1976,2.5,350000,2015
"2932 Glenmeade Dr",0.17,1916,1,310000,1939
"1810 Eastside Ave",0.17,1518,1,260700,1961
"136 Marie St",0.14,1411,1,225000,1930
"1104 A Haysboro Ave",0.22,950,1,35000,1955
"4704 Packard Dr",0.51,1605,2,150000,1935
"4309 Colorado Ave",0.19,1680,2,550000,1930
"4811 Churchwood Dr",1.03,1325,1,108000,1972
"806 Drummond Dr",0.59,910,1,97000,1940
"4322 Sneed Rd",0.69,1611,2,121000,1938
"725 N 9th St",0.17,1820,2,185000,1962
"5228 Trousdale Dr",0.51,1992,2,318500,1956
"513 Drake Ave",0.22,1853,2,200000,1925
"628 Benton Ave",0.18,1723,1,417000,1931
"2540 Oak Forest Dr",0.23,884,1,85000,1949
"117 Cash Ln",0.23,1744,2,242000,1937
"1115 Sunnymeade Dr",0.19,1725,1,164978,1964
"1210 Shelby Ave",0.18,1660,3,319000,1925
"216 Wauford Dr",0.3,1250,1.5,130000,1973
"8017 E Chase Ct",0.73,1467,2,303000,1935
"2126 Geneiva Dr",0.25,1790,1.5,153000,1962
"6201 California Ave",0.17,1398,1,397000,1935
"1023 N 5th St",0.14,1676,2,342500,2013
"1106 Riverwood Dr",0.36,1072,2,178500,2005
"1411 Straightway Ave",0.11,992,1,135000,1925
"5007 Dakota Ave",0.19,1764,2,151965,2005
"815 31st Ave N",0.17,1670,3,272000,1935
"1340 Mcalpine Ave",0.2,768,1,93500,1952
"1628 25th Ave N",0.16,1244,2,164900,1983
"1909 Demarius Dr",0.56,1250,1.5,185000,1963
"217 Margo Ln",0.65,1290,1,85000,1944
"4910 Pearson Pl",0.37,1802,2,482500,1955
"3811 Marydale Ct",0.55,1178,1,219000,1949
"2006 19th Ave S",0.18,1740,1.5,139000,1952
"3132 Boulder Park Dr",0.34,1172,1,208000,1950
"2403 Carter Ave",0.3,1046,1,127000,1920
"1321 Mercury Dr",0.28,1364,1,275000,1932
"5911 Port Anadarko Trl",0.55,1044,1,142500,1970
"834 Beth Dr",0.25,1973,1.5,382000,1956
"335 Dade Dr",0.92,1316,1,159901,1972
"1003 Mansfield St",0.2,1188,1.5,114900,1947
"305 Myatt Dr",0.95,1991,2,118000,1963
"1013 Fontaine Dr",1.01,1128,1,350000,1950
"7631 Indian Springs Dr",0.94,1755,1.5,91550,1935
"442 Oakley Dr",0.33,1184,2.5,181000,1986
"404 Kinhawk Dr",0.6,739,1,16500,1940
"611 Hadley Ave",0.2,1260,1,350000,1960
"824 Norwalk Dr",0.29,1270,2,128500,1986
"4422 Iroquois Ave",1.22,1125,1,139000,1968
"3735 Burrus St",0.13,1883,1.5,330000,1940
"836 Stone Hedge Ct",0.2,1867,2.5,174400,2001
"2414 Pafford Dr",0.32,850,1,55000,1950
"896 Idlewild Dr",0.76,1261,1,77000,1940
"3155 Ewingwood Dr",0.13,960,1.5,28790,1985
"3312 Glencliff Rd",0.34,1620,2,160000,1960
"516 Radnor St",0.29,1650,2,140000,1967
"1113 Glenview Dr",0.12,1073,1,115000,1930
"3200 Lakeford Dr",0.13,1364,2,86500,1984
"4503 Glendale Pl",0.48,1375,1,142000,1957
"5610 Pennsylvania Ave",0.17,1000,1,100000,1957
"4884 Barclay Square Dr",0.18,1816,2,169000,1956
"105 Lindsley Park Dr",0.16,1655,2,400000,1940
"3617 Nebraska Ave",0.23,1980,2,239900,1970
"3902 Kimpalong Ave",0.4,1538,2,216500,1940
"524 Elaine Ave",0.14,1586,1.5,175000,1970
"214 Scotland Pl",0.43,1025,1,135000,1968
"3277 Priest Woods Dr",0.12,1997,3,186000,1975
"248 Bart Dr",0.19,1537,2,76000,1985
"5433 Edmondson Pike",1.23,1056,1,410000,1949
"111 Cleveland St",0.1,1565,1,210000,1956
"528 Richmar Dr",0.32,1500,3,80000,1958
"1410 Straightway Ave",0.2,1444,2,285000,1964
"57 Creighton Ave",0.12,1358,1.5,135000,1959
"1345 Pennock Ave",0.2,1158,1.5,100000,1972
"416 Janette Ave",0.35,1584,2,183000,1962
"1307 Stainback Ave",0.1,1439,1,295000,1955
"3931 Creekside Dr",0.55,1403,1,124500,1968
"215 Ben Allen Rd",3.9,1147,2,42400,1965
"1315 Mckennie Ave",0.19,1475,1.5,189000,1957
"429 Cedarcreek Trl",0.13,1458,1.5,240000,1964
"1412 Montgomery Ave",0.15,1612,3,122500,1987
"1318 C Stainback Ave",0.1,1889,2,715000,1978
"4985 Shihmen Dr",0.27,1944,2.5,305900,2014
"808 Chickasaw Ave",0.2,1620,2,158000,1959
"112 Vickey Ct",0.25,1734,1,70000,1930
"3809 Briarcliff Ct",0.57,851,1,85000,1929
"514 Scholarship Dr",0.27,1059,1,254900,1936
"909 Haven Crst",0.29,1288,2,270000,1910
"2628 Glenrose Ave",0.85,1202,1,35000,1929
"1907 Benjamin St",0.18,759,1,104900,1947
"580 Jackson Blvd",2.93,1410,2,187775,1946
"913 Van Leer Dr",1.12,1332,3,275000,1984
"1209 Cliftee Dr",2.19,996,2,159900,1946
"312 Brandiwood Ct",0.27,1422,2,250000,1935
"1605 Forrest Ave",0.17,1370,1,132000,1953
"315 S 11th St",0.17,1344,2,110000,1947
"6121 Gardendale Dr",1.15,1500,1.5,210000,1965
"3019 Mossdale Dr",0.13,1962,2,310000,1950
"450 W Campbell Rd",1.96,1511,2,210000,1971
"3115 Jonesboro Dr",0.26,1444,2,235000,1948
"1317 D Stainback Ave",0.1,1500,2,245000,1966
"1421 Shelton Ave",0.35,1920,4,119900,1979
"5021 Bonnavista Dr",0.38,894,1,85000,1960
"817 Forest Hills Dr",1.76,1232,2,137000,1997
"632 Watsonwood Dr",0.47,1425,2,119950,1972
"273 Martingale Dr",0.29,1793,2,310000,1955
"3504 Park Ave",0.17,810,1,175000,1940
"8216 W Chase Ct",0.69,1456,3,61000,1976
"145 Rio Vista Dr",1.01,1272,2,89900,1944
"102 Roanoke Dr",0.94,894,1,205000,1960
"220 Jacksonian Dr",0.33,1200,1,123000,1950
"1100 Meridian St",0.19,1736,1.5,247500,1958
"364 Hester Ave",0.19,701,1,100000,1920
"337 Janette Ave",0.37,1405,2,620000,1977
"1821 5th Ave N",0.19,950,1,47000,1958
"2921 Twin Lawn Dr",0.34,960,1,209900,1960
"3274 Vailview Dr",0.29,1611,2,226900,1938
"1800 Porter Rd",0.57,1688,2.5,144900,2001
"811 Netherlands Dr",0.48,1280,2,93000,1979
"4404 Colorado Ave",0.17,1520,3,263500,2015
"1111 Mcalpine Ave",0.27,1665,2,206000,1965
"704 Village Ct",0.18,1400,1.5,160000,1960
"7125 Charlotte Pike",3,814,1,106000,1953
"2743 Rosedale Pl",0.09,1025,1,66000,1972
"3506 Sanford Ave",0.42,960,1.5,150000,1988
"99 Oriel Ave",0.34,1474,2,20000,2013
"972 Windrowe Dr",0.89,1692,1,138600,1959
"2905 Fernbrook Ln",0.44,1467,1,305000,1952
"3603 Belmont Blvd",0.46,1776,1,350000,1938
"215 Lake Cv",0.28,1417,1.5,245000,1986
"322 Leopole Rd",0.34,1528,1.5,290000,1957
"1052 Hickory Hollow Rd",1.14,1544,2,285000,1954
"3720 Moss Rose Dr",0.39,1078,1,107000,1950
"1434 Ardee Ave",0.26,1524,1.5,442500,1950
"2807 Delaware Ave",0.17,1406,2,215000,1976
"310 Woodberry Dr",0.4,1235,1,166500,1950
"5408 Kentucky Ave",0.09,1890,2.5,255000,1920
"750 Roycroft Pl",0.19,1957,2,519000,1957
"412 Blue Hills Dr",0.34,744,1,116500,1950
"2130 Blair Blvd",0.16,1615,2.5,215044,2012
"1200 N 7th St",0.22,850,1,128000,1955
"1297 Old Hickory Blvd",0.47,1875,2,105000,1945
